year,make,model,body_styles
2020,Acura,ILX,"[""Sedan""]"
2020,Acura,MDX,"[""SUV""]"
2020,Acura,MDX Sport Hybrid,"[""SUV""]"
2020,Acura,NSX,"[""Coupe""]"
2020,Acura,RDX,"[""SUV""]"
2020,Acura,RLX,"[""Sedan""]"
2020,Acura,RLX Sport Hybrid,"[""Sedan""]"
2020,Acura,TLX,"[""Sedan""]"
2020,Alfa Romeo,4C Spider,"[""Convertible""]"
2020,Alfa Romeo,Giulia,"[""Sedan""]"
2020,Alfa Romeo,Stelvio,"[""SUV""]"
2020,Audi,A3,"[""Sedan""]"
2020,Audi,A4,"[""Sedan""]"
2020,Audi,A5,"[""Coupe"", ""Convertible"", ""Sedan""]"
2020,Audi,A6,"[""Sedan""]"
2020,Audi,A6 allroad,"[""Wagon""]"
2020,Audi,A7,"[""Sedan""]"
2020,Audi,Q3,"[""SUV""]"
2020,Audi,Q5,"[""SUV""]"
2020,Audi,Q7,"[""SUV""]"
2020,Audi,Q8,"[""SUV""]"
2020,Audi,R8,"[""Coupe"", ""Convertible""]"
2020,Audi,S4,"[""Sedan""]"
2020,Audi,S8,"[""Sedan""]"
2020,Audi,SQ5,"[""SUV""]"
2020,Audi,TT,"[""Coupe""]"
2020,BMW,2 Series,"[""Coupe"", ""Sedan"", ""Convertible""]"
2020,BMW,3 Series,"[""Sedan""]"
2020,BMW,4 Series,"[""Sedan"", ""Coupe"", ""Convertible""]"
2020,BMW,5 Series,"[""Sedan""]"
2020,BMW,7 Series,"[""Sedan""]"
2020,BMW,8 Series,"[""Coupe"", ""Convertible"", ""Sedan""]"
2020,BMW,M2,"[""Coupe""]"
2020,BMW,X1,"[""SUV""]"
2020,BMW,X2,"[""SUV""]"
2020,BMW,X3,"[""SUV""]"
2020,BMW,X3 M,"[""SUV""]"
2020,BMW,X4,"[""SUV""]"
2020,BMW,X5,"[""SUV""]"
2020,BMW,X6,"[""SUV""]"
2020,BMW,X7,"[""SUV""]"
2020,BMW,Z4,"[""Convertible""]"
2020,Buick,Enclave,"[""SUV""]"
2020,Buick,Encore,"[""SUV""]"
2020,Buick,Encore GX,"[""SUV""]"
2020,Buick,Envision,"[""SUV""]"
2020,Buick,Regal Sportback,"[""Sedan""]"
2020,Buick,Regal TourX,"[""Wagon""]"
2020,Cadillac,CT4,"[""Sedan""]"
2020,Cadillac,CT5,"[""Sedan""]"
2020,Cadillac,CT6,"[""Sedan""]"
2020,Cadillac,CT6-V,"[""Sedan""]"
2020,Cadillac,Escalade,"[""SUV""]"
2020,Cadillac,Escalade ESV,"[""SUV""]"
2020,Cadillac,XT4,"[""SUV""]"
2020,Cadillac,XT5,"[""SUV""]"
2020,Cadillac,XT6,"[""SUV""]"
2020,Chevrolet,Blazer,"[""SUV""]"
2020,Chevrolet,Bolt EV,"[""Hatchback""]"
2020,Chevrolet,Camaro,"[""Convertible"", ""Coupe""]"
2020,Chevrolet,Colorado Crew Cab,"[""Pickup""]"
2020,Chevrolet,Colorado Extended Cab,"[""Pickup""]"
2020,Chevrolet,Corvette,"[""Coupe"", ""Convertible""]"
2020,Chevrolet,Equinox,"[""SUV""]"
2020,Chevrolet,Express 2500 Cargo,"[""Van/Minivan""]"
2020,Chevrolet,Express 3500 Cargo,"[""Van/Minivan""]"
2020,Chevrolet,Impala,"[""Sedan""]"
2020,Chevrolet,Malibu,"[""Sedan""]"
2020,Chevrolet,Silverado 1500 Crew Cab,"[""Pickup""]"
2020,Chevrolet,Silverado 1500 Double Cab,"[""Pickup""]"
2020,Chevrolet,Silverado 1500 Regular Cab,"[""Pickup""]"
2020,Chevrolet,Silverado 2500 HD Crew Cab,"[""Pickup""]"
2020,Chevrolet,Silverado 2500 HD Double Cab,"[""Pickup""]"
2020,Chevrolet,Silverado 3500 HD Crew Cab,"[""Pickup""]"
2020,Chevrolet,Sonic,"[""Sedan"", ""Hatchback""]"
2020,Chevrolet,Spark,"[""Hatchback""]"
2020,Chevrolet,Suburban,"[""SUV""]"
2020,Chevrolet,Tahoe,"[""SUV""]"
2020,Chevrolet,Traverse,"[""SUV""]"
2020,Chevrolet,Trax,"[""SUV""]"
2020,Chrysler,300,"[""Sedan""]"
2020,Chrysler,Pacifica,"[""Van/Minivan""]"
2020,Chrysler,Pacifica Hybrid,"[""Van/Minivan""]"
2020,Chrysler,Voyager,"[""Van/Minivan""]"
2020,Dodge,Challenger,"[""Coupe""]"
2020,Dodge,Charger,"[""Sedan""]"
2020,Dodge,Durango,"[""SUV""]"
2020,Dodge,Grand Caravan Passenger,"[""Van/Minivan""]"
2020,Dodge,Journey,"[""SUV""]"
2020,FIAT,124 Spider,"[""Convertible""]"
2020,FIAT,500L,"[""Hatchback""]"
2020,FIAT,500X,"[""SUV""]"
